steel_name,source,C,Cr,V,Mo,W,Co,N,Mn,Si,Nb,Ni,powder_metallurgy,total_carbide_formers,cr_to_c_ratio,is_stainless,total_alloy_content,pren,cvf,c_above_eutectoid,vc_fraction,matrix_cr,ms_temp,pm_x_cvf,pm_x_excess_c,catra_tcc_mm,catra_test_hrc,charpy_ftlbs
1.2442,reference-specs,1.15,0.7,0.1,0.0,0.0,0.0,0.0,0.35,0.25,0.0,0.0,0,0.1,0.609,0,2.55,0.7,15.846,0.38,0.195,0,266.09,0.0,0.0,330,62.5,
1.2519,reference-specs,1.05,1.0,0.0,0.0,1.0,0.0,0.0,0.35,0.25,0.0,0.0,0,1.0,0.952,0,3.65,2.65,14.535,0.28,0.0,0,262.46,0.0,0.0,320,62.2,
1.2562,reference-specs,1.0,1.05,0.0,0.0,0.6,0.0,0.0,1.1,0.25,0.0,0.0,0,0.6,1.05,0,4.0,2.04,13.797,0.23,0.0,0,239.06,0.0,0.0,348,65.4,
1.4116,reference-specs,0.5,14.5,0.15,0.6,0.0,0.0,0.0,1.0,1.0,0.0,0.0,0,0.75,29.0,1,17.75,16.48,9.868,0,0.292,12.5,117.15,0.0,0,,,
1084,reference-specs,0.84,0.0,0.0,0.0,0.0,0.0,0.0,0.75,0.25,0.0,0.0,0,0.0,0.0,0,1.84,0.0,11.34,0.07,0.0,0,262.4,0.0,0.0,,,
1095,reference-specs,0.95,0.0,0.0,0.0,0.0,0.0,0.0,0.4,0.25,0.0,0.0,0,0.0,0.0,0,1.6,0.0,12.825,0.18,0.0,0,273.04,0.0,0.0,316,61.8,
12C27,alleima,0.6,13.5,0.0,0.0,0.0,0.0,0.0,0.4,0.4,0.0,0.0,0,0.0,22.5,1,14.9,13.5,10.53,0,0.0,11.1,109.69,0.0,0,,,
12C27M,alleima,0.52,14.5,0.0,0.0,0.0,0.0,0.0,0.6,0.4,0.0,0.0,0,0.0,27.885,1,16.02,14.5,9.63,0,0.0,12.42,125.35,0.0,0,,,
13C26,alleima,0.68,13.0,0.0,0.0,0.0,0.0,0.0,0.7,0.4,0.0,0.0,0,0.0,19.118,1,14.78,13.0,11.52,0,0.0,10.28,106.62,0.0,0,,,
14C28N,alleima,0.62,14.0,0.0,0.0,0.0,0.0,0.11,0.6,0.2,0.0,0.0,0,0.0,22.581,1,15.53,15.76,10.89,0,0.0,11.52,97.56,0.0,0,414,62,
154CM,crucible,1.05,14.0,0.0,4.0,0.0,0.0,0.0,0.5,0.3,0.0,0.0,0,4.0,13.333,1,19.85,27.2,18.135,0.28,0.0,9.8,70.6,0.0,0.0,,,
19C27,alleima,0.95,13.5,0.0,0.0,0.0,0.0,0.0,0.7,0.4,0.0,0.0,0,0.0,14.211,1,15.55,13.5,15.255,0.18,0.0,9.7,100.57,0.0,0.0,,,
26C3,reference-specs,1.05,0.25,0.0,0.0,0.0,0.0,0.0,0.35,0.25,0.0,0.0,0,0.0,0.238,0,1.9,0.25,14.22,0.28,0.0,0,271.54,0.0,0.0,304,63,
3Cr13,missing-steels,0.3,13.0,0.0,0.0,0.0,0.0,0.0,1.0,1.0,0.0,0.0,0,0.0,43.333,1,15.365,13.0,6.39,0,0.0,11.8,224.4,0.0,0,,,
420,missing-steels,0.38,13.0,0.0,0.0,0.0,0.0,0.0,1.0,1.0,0.0,0.0,0,0.0,34.211,1,15.45,13.0,7.47,0,0.0,11.48,190.56,0.0,0,,,
420HC,reference-specs,0.44,13.5,0.0,0.0,0.0,0.0,0.0,0.4,0.4,0.0,0.0,0,0.0,30.682,1,14.74,13.5,8.37,0,0.0,11.74,177.37,0.0,0,,,
440A,reference-specs,0.7,17.0,0.0,0.75,0.0,0.0,0.0,1.0,1.0,0.0,0.0,0,0.75,24.286,1,20.45,19.48,12.78,0,0.0,14.2,43.48,0.0,0,,,
440C,carpenter,1.075,17.0,0.0,0.75,0.0,0.0,0.0,1.0,1.0,0.0,0.0,0,0.75,15.814,1,20.825,19.48,17.842,0.305,0.0,12.7,43.48,0.0,0.0,455,62.8,
5160,missing-steels,0.6,0.8,0.0,0.0,0.0,0.0,0.0,0.85,0.25,0.0,0.0,0,0.0,1.333,0,2.575,0.8,8.244,0,0.0,0,249.68,0.0,0,,,
52100,reference-specs,1.0,1.45,0.0,0.0,0.0,0.0,0.0,0.35,0.25,0.0,0.0,0,0.0,1.45,0,3.05,1.45,13.761,0.23,0.0,0,257.02,0.0,0.0,328,60.5,
7Cr17,missing-steels,0.7,17.0,0.1,0.5,0.0,0.0,0.0,1.0,1.0,0.0,0.0,0,0.6,24.286,1,20.3,18.65,12.885,0,0.195,14.2,45.35,0.0,0,,,
80CrV2,reference-specs,0.8,0.5,0.15,0.0,0.0,0.0,0.0,0.4,0.3,0.0,0.0,0,0.15,0.625,0,2.15,0.5,11.183,0.03,0.292,0,266.99,0.0,0.0,,,
8670,reference-specs,0.7,0.5,0.0,0.25,0.0,0.0,0.0,0.85,0.25,0.0,0.55,0,0.25,0.714,0,3.1,1.32,9.63,0,0.0,0,241.7,0.0,0,271,59.2,
8Cr13MoV,missing-steels,0.8,13.0,0.1,0.15,0.0,0.0,0.0,0.4,0.5,0.0,0.0,0,0.25,16.25,1,14.95,13.49,13.389,0.03,0.195,9.8,114.62,0.0,0.0,,,
9Cr18Mo,missing-steels,0.95,18.0,0.0,0.6,0.0,0.0,0.0,0.8,0.8,0.0,0.0,0,0.6,18.947,1,21.215,19.98,16.281,0.18,0.0,14.2,38.58,0.0,0.0,,,
A2,reference-specs,1.0,5.25,0.25,1.1,0.0,0.0,0.0,0.8,0.3,0.0,0.0,0,1.35,5.25,0,8.7,8.88,15.329,0.23,0.487,1.25,189.11,0.0,0.0,339,61.5,
A8 mod,reference-specs,0.55,5.0,0.3,1.25,1.25,0.0,0.0,0.3,0.3,0.0,0.0,0,2.8,9.091,0,8.95,11.19,9.585,0,0.585,2.8,227.36,0.0,0,351,60.6,
AEB-L,reference-specs,0.67,13.0,0.0,0.0,0.0,0.0,0.0,0.6,0.4,0.0,0.0,0,0.0,19.403,1,14.67,13.0,11.385,0,0.0,10.32,109.66,0.0,0,360,61.1,
AUS-10,hitachi-proterial,1.05,14.0,0.2,0.3,0.0,0.0,0.0,0.5,1.0,0.0,0.0,0,0.5,13.333,1,17.05,14.99,17.193,0.28,0.39,9.8,98.35,0.0,0.0,,,
AUS-6,hitachi-proterial,0.65,14.0,0.15,0.0,0.0,0.0,0.0,1.0,1.0,0.0,0.0,0,0.15,21.538,1,16.8,14.0,11.588,0,0.292,11.4,85.4,0.0,0,,,
AUS-8,hitachi-proterial,0.75,14.0,0.2,0.3,0.0,0.0,0.0,0.5,1.0,0.0,0.0,0,0.5,18.667,1,16.75,14.99,13.143,0,0.39,11.0,98.35,0.0,0,,,
ApexUltra,reference-specs,1.2,14.5,1.0,1.0,0.0,0.0,0.0,0.4,0.4,0.0,0.0,0,2.0,12.083,1,18.5,17.8,21.12,0.43,1.95,9.7,90.09,0.0,0.0,,,
Arne,bohler-pocket-book,0.95,0.6,0.0,0.1,0.55,0.0,0.0,1.1,0.3,0.0,0.0,0,0.65,0.632,0,3.6,1.84,13.068,0.18,0.0,0,243.75,0.0,0.0,,,
Blue #1,hitachi-proterial,1.3,0.35,0.0,0.0,1.5,0.0,0.0,0.25,0.15,0.0,0.0,0,1.5,0.269,0,3.55,2.82,17.883,0.53,0.0,0,273.37,0.0,0.0,,,
Blue #2,hitachi-proterial,1.1,0.25,0.0,0.0,1.0,0.0,0.0,0.25,0.15,0.0,0.0,0,1.0,0.227,0,2.75,1.9,15.075,0.33,0.0,0,274.58,0.0,0.0,,,
Blue Super,hitachi-proterial,1.4,0.4,0.5,0.4,2.0,0.0,0.0,0.25,0.15,0.0,0.0,0,2.9,0.286,0,5.1,5.02,20.451,0.63,0.975,0,269.76,0.0,0.0,338,65.1,
Bure,bohler-pocket-book,0.39,5.3,0.9,1.3,0.0,0.0,0.0,0.4,1.0,0.0,0.0,0,2.2,13.59,0,9.29,9.59,8.442,0,1.755,3.74,287.99,0.0,0,,,
CPM 10V,crucible,2.45,5.25,9.75,1.3,0.0,0.0,0.0,0.5,0.9,0.0,0.0,1,11.05,2.143,0,20.15,9.54,53.501,1.68,19.012,0,196.73,53.501,1.68,718,59.9,26
CPM 154,crucible,1.05,14.0,0.0,4.0,0.0,0.0,0.0,0.5,0.3,0.0,0.0,1,4.0,13.333,1,19.85,27.2,18.135,0.28,0.0,9.8,70.6,18.135,0.28,492,61,
CPM 15V,crucible,3.4,5.25,14.5,1.3,0.0,0.0,0.0,0.5,0.9,0.0,0.0,1,15.8,1.544,0,25.85,9.54,75.588,2.63,28.275,0,196.73,75.588,2.63,879,63,14
CPM 1V,crucible,0.55,4.5,1.0,2.75,2.0,0.0,0.0,0.5,1.0,0.0,0.0,1,5.75,8.182,0,12.3,16.88,11.535,0,1.95,2.3,216.08,11.535,0,,,115
CPM 20CV,crucible,1.9,20.0,4.0,1.0,0.6,0.0,0.0,0.3,0.7,0.0,0.0,1,5.6,10.526,1,28.5,24.29,37.518,1.13,7.8,12.4,26.58,37.518,1.13,,,
CPM 3V,crucible,0.8,7.5,2.75,1.3,0.0,0.0,0.0,0.0,0.0,0.0,0.0,1,4.05,9.375,0,12.35,11.79,17.98,0.03,5.362,4.3,184.7,17.98,0.03,463,60.1,85
CPM 4V,crucible,1.35,5.0,3.85,2.95,0.0,0.0,0.0,0.4,0.8,0.0,0.0,1,6.8,3.704,0,14.35,14.73,27.695,0.58,7.508,0,190.42,27.695,0.58,526,60.7,55
CPM 9V,crucible,1.78,5.25,9.0,1.3,0.0,0.0,0.0,0.5,0.9,0.0,0.0,1,10.3,2.949,0,18.73,9.54,42.993,1.01,17.55,0,196.73,42.993,1.01,,,47
CPM CruWear,reference-specs,1.1,7.5,2.4,1.6,1.15,0.0,0.0,0.5,0.5,0.0,0.0,0,5.15,6.818,0,14.75,14.68,21.663,0.33,4.68,3.1,167.25,0.0,0.0,528,62.1,
CPM D2,crucible,1.55,11.5,0.9,0.8,0.0,0.0,0.0,0.4,0.4,0.0,0.0,1,1.7,7.419,0,15.55,14.14,25.038,0.78,1.755,5.3,127.89,25.038,0.78,,,
CPM M4,crucible,1.42,4.0,4.0,5.25,5.5,0.0,0.0,0.3,0.25,0.0,0.0,1,14.75,2.817,0,20.78,30.4,30.57,0.65,7.8,0,188.31,30.57,0.65,570,61.1,32
CPM MagnaCut,crucible,1.15,10.7,4.0,2.0,0.0,0.0,0.2,0.0,0.0,2.0,0.0,1,8.0,9.304,0,20.05,20.5,29.571,0.38,7.8,10.7,140.73,29.571,0.38,,,38
CPM Rex 121,crucible,3.4,4.0,9.5,5.0,10.0,9.0,0.0,0.0,0.0,0.0,0.0,1,24.5,1.176,0,40.93,37.0,68.745,2.63,18.525,0,199.3,68.745,2.63,1009,71.4,
CPM Rex 45,crucible,1.3,4.0,3.0,5.0,6.25,8.0,0.0,0.0,0.0,0.0,0.0,1,14.25,3.077,0,27.55,30.81,27.045,0.53,5.85,0,199.3,27.045,0.53,,,
CPM Rex 76,crucible,1.5,3.75,3.1,5.25,10.0,9.0,0.0,0.0,0.0,0.0,0.0,1,18.35,2.5,0,32.6,37.57,30.66,0.73,6.045,0,200.45,30.66,0.73,,,
CPM S110V,crucible,2.8,15.25,9.0,2.5,0.0,2.5,0.0,0.3,0.4,3.0,0.0,1,14.5,5.446,1,35.75,23.5,64.395,2.03,17.55,13.65,72.81,64.395,2.03,738,61.9,
CPM S125V,crucible,3.3,14.0,12.0,2.5,0.0,0.0,0.0,0.0,0.5,0.0,0.0,1,14.5,4.242,1,32.3,22.25,71.37,2.53,23.4,0.8,97.05,71.37,2.53,828,62.3,
CPM S30V,crucible,1.45,14.0,4.0,2.0,0.0,0.0,0.0,0.5,0.5,0.0,0.0,1,6.0,9.655,1,22.45,20.6,30.615,0.68,7.8,8.2,85.6,30.615,0.68,596,61.9,10.0
CPM S35VN,crucible,1.4,14.0,3.0,2.0,0.0,0.0,0.0,0.0,0.0,0.5,0.0,1,5.5,10.0,1,20.9,20.6,28.89,0.63,5.85,10.0,100.8,28.89,0.63,520,61.2,12.0
CPM S45VN,crucible,1.48,14.0,3.0,2.0,0.0,0.0,0.15,0.0,0.0,0.5,0.0,1,5.5,9.459,1,21.13,23.0,29.97,0.71,5.85,9.68,100.8,29.97,0.71,554,60.5,11.0
CPM S60V,reference-specs,2.15,17.0,5.5,0.4,0.0,0.0,0.0,0.5,0.5,0.0,0.0,0,5.9,7.907,1,26.05,18.32,42.954,1.38,10.725,8.4,61.3,0.0,0.0,658,61.7,
CPM S90V,crucible,2.3,14.0,9.0,1.0,0.0,0.0,0.0,0.5,0.5,0.0,0.0,1,10.0,6.087,1,27.3,17.3,51.48,1.53,17.55,4.8,93.1,51.48,1.53,779,61.6,5.0
CPM SPY27,missing-steels,1.35,14.5,2.0,2.0,0.0,5.5,0.04,0.3,0.3,0.08,0.0,1,4.08,10.741,1,26.07,21.74,25.599,0.58,3.9,9.356,85.63,25.599,0.58,,,
CTS-204P,carpenter,1.9,20.0,4.0,1.0,0.65,0.0,0.0,0.35,0.6,0.0,0.0,1,5.65,10.526,1,28.5,24.37,37.527,1.13,7.8,12.4,25.06,37.527,1.13,,,
CTS-BD1,carpenter,0.9,16.0,0.0,0.5,0.0,0.0,0.0,1.0,1.0,0.0,0.0,0,0.5,17.778,1,19.4,17.65,15.21,0.13,0.0,12.4,57.45,0.0,0.0,,,
CTS-BD1N,carpenter,0.9,16.0,0.0,0.5,0.0,0.0,0.125,1.0,1.0,0.0,0.0,0,0.5,17.778,1,19.525,19.65,15.21,0.13,0.0,12.4,57.45,0.0,0.0,404,60.6,
CTS-XHP,carpenter,1.6,16.0,0.45,0.8,0.0,0.0,0.0,0.5,0.4,0.0,0.0,1,1.25,10.0,1,19.75,18.64,25.646,0.83,0.877,9.6,70.4,25.646,0.83,,,
Caldie,bohler-uddeholm,0.7,5.0,0.5,2.3,0.0,0.0,0.0,0.5,0.2,0.0,0.0,0,2.8,7.143,0,9.2,12.59,12.153,0,0.975,2.2,192.25,0.0,0,314,60.6,
Calmax,bohler-pocket-book,0.6,4.5,0.2,0.5,0.0,0.0,0.0,0.8,0.35,0.0,0.0,0,0.7,7.5,0,6.95,6.15,9.48,0,0.39,2.1,202.68,0.0,0,,,
Carmo,bohler-pocket-book,0.6,4.5,0.2,0.5,0.0,0.0,0.0,0.8,0.35,0.0,0.0,0,0.7,7.5,0,6.95,6.15,9.48,0,0.39,2.1,202.68,0.0,0,,,
Corrax,bohler-uddeholm,0.03,12.0,0.0,1.4,0.0,0.0,0.0,0.3,0.3,0.0,9.2,0,1.4,400.0,0,24.83,16.62,3.069,0,0.0,11.88,198.65,0.0,0,,,
CruForgeV,reference-specs,0.75,1.0,0.15,0.0,0.0,0.0,0.0,0.5,0.25,0.0,0.0,0,0.15,1.333,0,2.65,1.0,10.598,0,0.292,0,257.9,0.0,0,320,61.1,
D2,reference-specs,1.55,11.5,0.9,0.8,0.0,0.0,0.0,0.4,0.4,0.0,0.0,0,1.7,7.419,0,15.55,14.14,25.038,0.78,1.755,5.3,127.89,0.0,0.0,486,60.5,
Dievar,bohler-uddeholm,0.35,5.0,0.6,2.3,0.0,0.0,0.0,0.5,0.2,0.0,0.0,0,2.9,14.286,0,8.95,12.59,7.623,0,1.17,3.6,298.0,0.0,0,,,
Elmax,bohler-uddeholm,1.7,18.0,3.0,1.0,0.0,0.0,0.0,0.3,0.8,0.0,0.0,1,4.0,10.588,1,24.8,21.3,32.4,0.93,5.85,11.2,50.78,32.4,0.93,559,61.3,
Formax,bohler-pocket-book,0.18,0.0,0.0,0.0,0.0,0.0,0.0,1.3,0.3,0.0,0.0,0,0.0,0.0,0,1.78,0.0,2.43,0,0.0,0,423.34,0.0,0,,,
Formvar,bohler-pocket-book,0.35,5.0,0.6,2.3,0.0,0.0,0.0,0.5,0.2,0.0,0.0,0,2.9,14.286,0,8.95,12.59,7.623,0,1.17,3.6,298.0,0.0,0,,,
Ginsan,hitachi-proterial,1.05,13.5,0.0,0.0,0.0,0.0,0.0,0.65,0.3,0.0,0.0,0,0.0,12.857,1,15.5,13.5,16.605,0.28,0.0,9.3,102.09,0.0,0.0,,,
H1,missing-steels,0.15,15.0,0.0,1.0,0.0,0.0,0.1,2.0,3.5,0.0,7.0,0,1.0,100.0,1,29.25,19.9,5.085,0,0.0,14.4,101.85,0.0,0,,,
Holdax,bohler-pocket-book,0.4,1.9,0.0,0.2,0.0,0.0,0.0,1.5,0.4,0.0,0.0,0,0.2,4.75,0,4.47,2.56,5.814,0,0.0,0.3,299.71,0.0,0,,,
Idun,bohler-pocket-book,0.21,13.5,0.25,0.2,0.0,0.0,0.0,0.45,0.9,0.0,0.6,0,0.45,64.286,1,16.11,14.16,5.824,0,0.487,12.66,261.02,0.0,0,,,
Impax Supreme,bohler-pocket-book,0.37,2.0,0.0,0.2,0.0,0.0,0.0,1.4,0.3,0.0,1.0,0,0.2,5.405,0,5.27,2.66,5.427,0,0.0,0.52,296.53,0.0,0,,,
K110,bohler-uddeholm,1.55,11.3,0.75,0.75,0.0,0.0,0.0,0.3,0.3,0.0,0.0,0,1.5,7.29,0,14.95,13.78,24.691,0.78,1.462,5.1,133.73,0.0,0.0,,,
K340,bohler-uddeholm,1.1,8.3,0.5,2.1,0.0,0.0,0.0,0.4,0.9,0.0,0.0,0,2.6,7.545,0,13.3,15.23,18.075,0.33,0.975,3.9,156.86,0.0,0.0,,,
K390,bohler-uddeholm,2.47,4.2,9.0,3.8,1.0,2.0,0.0,0.4,0.55,0.0,0.0,1,13.8,1.7,0,23.42,18.39,53.199,1.7,17.55,0,193.72,53.199,1.7,719,62.8,
L6,reference-specs,0.7,0.75,0.0,0.25,0.0,0.0,0.0,0.6,0.25,0.0,1.5,0,0.25,1.071,0,4.05,1.57,9.675,0,0.0,0,229.46,0.0,0,,,
LC200N,reference-specs,0.5,15.0,0.1,0.8,0.0,0.0,0.4,0.8,0.5,0.0,0.0,0,0.9,30.0,1,18.1,24.04,9.933,0,0.195,13.0,115.68,0.0,0,380,59.7,
M2,reference-specs,0.85,4.15,1.8,5.0,6.15,0.0,0.0,0.3,0.3,0.0,0.0,0,12.95,4.882,0,18.55,30.8,18.639,0.08,3.51,0.75,188.37,0.0,0.0,487,63.8,
M390,bohler-uddeholm,1.9,20.0,4.0,1.0,0.6,0.0,0.0,0.3,0.7,0.0,0.0,1,5.6,10.526,1,28.5,24.29,37.518,1.13,7.8,12.4,26.58,37.518,1.13,620,61.5,
M398,bohler-uddeholm,2.7,20.0,7.2,1.0,0.7,0.0,0.0,0.5,0.5,0.0,0.0,1,8.9,7.407,1,32.6,24.45,54.576,1.93,14.04,9.2,20.5,54.576,1.93,,,
Maxamet,missing-steels,4.75,0.5,6.0,2.0,15.0,10.0,0.0,0.3,0.25,0.0,0.0,1,23.0,0.105,0,38.83,31.85,79.335,3.98,11.7,0,255.03,79.335,3.98,,,
Mirrax 40,bohler-pocket-book,0.21,13.5,0.25,0.2,0.0,0.0,0.0,0.45,0.9,0.0,0.6,0,0.45,64.286,1,16.11,14.16,5.824,0,0.487,12.66,261.02,0.0,0,,,
Mirrax ESR,bohler-pocket-book,0.25,13.3,0.3,0.3,0.0,0.0,0.0,0.5,0.3,0.0,1.3,0,0.6,53.2,1,16.25,14.29,6.462,0,0.585,12.3,231.86,0.0,0,,,
N690,missing-steels,1.07,17.0,0.1,1.1,0.0,1.5,0.0,0.4,0.4,0.0,0.0,0,1.2,15.888,1,21.57,20.63,18.096,0.3,0.195,12.72,59.09,0.0,0.0,,,
Nimax,bohler-pocket-book,0.1,3.0,0.0,0.3,0.0,0.0,0.0,2.5,0.3,0.0,1.0,0,0.3,30.0,0,7.2,3.99,1.998,0,0.0,2.6,364.45,0.0,0,,,
Niolox,reference-specs,0.8,12.7,0.1,1.1,0.0,0.0,0.0,0.4,0.5,0.7,0.0,0,1.9,15.875,0,16.3,16.33,14.937,0.03,0.195,11.74,111.12,0.0,0.0,429,60.4,
Nitro-V,reference-specs,0.5,13.0,0.15,0.0,0.0,0.0,0.2,0.5,0.5,0.0,0.0,0,0.15,26.0,1,14.85,16.2,9.383,0,0.292,11.0,155.0,0.0,0,362,60.4,
O1,reference-specs,0.95,0.5,0.2,0.0,0.5,0.0,0.0,1.2,0.3,0.0,0.0,0,0.7,0.526,0,3.65,1.32,13.395,0.18,0.39,0,242.67,0.0,0.0,283,60.9,
Orvar 2M,bohler-pocket-book,0.39,5.2,0.9,1.4,0.0,0.0,0.0,0.4,1.0,0.0,0.0,0,2.3,13.333,0,9.29,9.82,8.46,0,1.755,3.64,288.45,0.0,0,,,
Orvar Supreme,bohler-pocket-book,0.39,5.2,0.9,1.4,0.0,0.0,0.0,0.4,1.0,0.0,0.0,0,2.3,13.333,0,9.29,9.82,8.46,0,1.755,3.64,288.45,0.0,0,,,
QRO 90 Supreme,bohler-pocket-book,0.38,2.6,0.9,2.3,0.0,0.0,0.0,0.8,0.3,0.0,0.0,0,3.2,6.842,0,7.28,10.19,8.181,0,1.755,1.08,305.23,0.0,0,,,
Ramax HH,bohler-pocket-book,0.12,13.4,0.2,0.5,0.0,0.0,0.0,1.3,0.2,0.0,1.6,0,0.7,111.667,1,17.42,15.05,4.602,0,0.39,12.92,254.51,0.0,0,,,
Rigor,bohler-uddeholm,1.0,5.3,0.2,1.1,0.0,0.0,0.0,0.6,0.3,0.0,0.0,0,1.3,5.3,0,8.5,8.93,15.24,0.23,0.39,1.3,194.58,0.0,0.0,,,
Royalloy,bohler-pocket-book,0.05,12.6,0.12,0.0,0.0,0.0,0.0,1.2,0.4,0.0,0.0,0,0.12,252.0,0,14.37,12.6,3.177,0,0.234,12.4,328.91,0.0,0,,,
SG2,hitachi-proterial,1.25,15.0,2.0,2.8,0.0,0.0,0.0,0.4,0.5,0.0,0.0,1,4.8,12.0,1,21.95,24.24,24.483,0.48,3.9,10.0,70.54,24.483,0.48,522,61.2,
Skolvar,bohler-pocket-book,0.7,5.0,1.6,2.25,0.0,0.0,0.0,0.45,0.2,0.0,0.0,0,3.85,7.143,0,10.2,12.43,14.28,0,3.12,2.2,194.15,0.0,0,,,
Sleipner,bohler-uddeholm,0.9,7.8,0.5,2.5,0.0,0.0,0.0,0.5,0.9,0.0,0.0,0,3.0,8.667,0,13.1,16.05,15.429,0.13,0.975,4.2,156.87,0.0,0.0,,,
Stavax ESR,bohler-pocket-book,0.38,13.6,0.3,0.0,0.0,0.0,0.0,0.5,0.9,0.0,0.0,0,0.3,35.789,1,15.68,13.6,8.163,0,0.585,12.08,198.5,0.0,0,,,
Sverker 21,bohler-uddeholm,1.55,11.3,0.8,0.8,0.0,0.0,0.0,0.4,0.3,0.0,0.0,0,1.6,7.29,0,15.15,13.94,24.807,0.78,1.56,5.1,130.31,0.0,0.0,,,
Sverker 3,bohler-pocket-book,2.05,12.7,0.0,0.0,1.1,0.0,0.0,0.8,0.3,0.0,0.0,0,1.1,6.195,0,16.95,14.51,30.159,1.28,0.0,4.5,107.21,0.0,0.0,,,
Tyrax ESR,bohler-pocket-book,0.4,12.0,0.5,2.3,0.0,0.0,0.0,0.5,0.2,0.0,0.0,0,2.8,30.0,0,15.9,19.59,9.363,0,0.975,10.4,192.15,0.0,0,,,
UHB 11,bohler-pocket-book,0.5,0.0,0.0,0.0,0.0,0.0,0.0,0.7,0.2,0.0,0.0,0,0.0,0.0,0,1.4,0.0,6.75,0,0.0,0,306.22,0.0,0,,,
Unimax,bohler-uddeholm,0.5,5.0,0.5,2.3,0.0,0.0,0.0,0.5,0.2,0.0,0.0,0,2.8,10.0,0,9.0,12.59,9.453,0,0.975,3.0,234.55,0.0,0,,,
V-Toku 2,reference-specs,1.15,0.3,0.0,0.0,1.5,0.0,0.0,0.2,0.15,0.0,0.0,0,1.5,0.261,0,3.3,2.77,15.849,0.38,0.0,0,275.49,0.0,0.0,314,63.6,
VG-1,hitachi-proterial,1.0,14.0,0.3,0.3,0.0,0.0,0.0,0.5,0.35,0.0,0.0,0,0.6,14.0,1,16.45,14.99,16.713,0.23,0.585,10.0,98.35,0.0,0.0,,,
VG-10,hitachi-proterial,1.0,15.0,0.25,1.0,0.0,1.55,0.0,0.5,0.35,0.0,0.0,0,1.25,15.0,1,19.65,18.3,17.047,0.23,0.487,11.0,81.0,0.0,0.0,479,61.6,
VG-2,hitachi-proterial,0.78,14.5,0.0,0.5,0.0,0.0,0.0,0.5,0.35,0.0,0.0,0,0.5,18.59,1,16.63,16.15,13.32,0.01,0.0,11.38,90.8,0.0,0.0,,,
Vanadis 10,bohler-uddeholm,2.9,8.0,9.8,1.5,0.0,0.0,0.0,0.5,0.5,0.0,0.0,1,11.3,2.759,0,23.2,12.95,60.24,2.13,19.11,0,161.95,60.24,2.13,,,
Vanadis 23 SuperClean,bohler-pocket-book,1.28,4.2,3.1,5.0,6.4,0.0,0.0,0.0,0.0,0.0,0.0,0,14.5,3.281,0,19.98,31.26,27.033,0.51,6.045,0,196.88,0.0,0.0,,,
Vanadis 30 SuperClean,bohler-pocket-book,1.28,4.2,3.1,5.0,6.4,8.5,0.0,0.0,0.0,0.0,0.0,0,14.5,3.281,0,28.48,31.26,27.033,0.51,6.045,0,196.88,0.0,0.0,,,
Vanadis 4 Extra,bohler-uddeholm,1.4,4.7,3.7,3.5,0.0,0.0,0.0,0.4,0.4,0.0,0.0,1,7.2,3.357,0,14.1,16.25,28.221,0.63,7.215,0,189.92,28.221,0.63,,,
Vanadis 60 SuperClean,bohler-pocket-book,2.3,4.2,6.5,7.0,6.5,10.5,0.0,0.0,0.0,0.0,0.0,0,20.0,1.826,0,37.0,38.02,48.171,1.53,12.675,0,181.88,0.0,0.0,,,
Vanadis 8,bohler-uddeholm,2.3,4.8,8.0,3.6,0.0,0.0,0.0,0.4,0.4,0.0,0.0,1,11.6,2.087,0,19.5,16.68,48.81,1.53,15.6,0,187.96,48.81,1.53,677,60.7,
Vanax,reference-specs,0.22,21.2,1.3,2.6,0.0,0.0,1.8,0.5,0.5,0.0,0.0,0,3.9,96.364,1,28.12,58.58,10.257,0,2.535,20.32,154.72,0.0,0,546,61,
Vanax SuperClean,bohler-pocket-book,0.36,18.2,3.5,1.1,0.0,0.0,1.55,0.3,0.3,0.0,0.0,0,4.6,50.556,1,25.31,46.63,15.357,0,6.825,16.76,149.13,0.0,0,,,
Vancron SuperClean,bohler-pocket-book,1.3,4.5,10.0,1.8,0.0,0.0,1.8,0.4,0.5,0.0,0.0,0,11.8,3.462,0,20.3,39.24,38.508,0.53,19.5,0,205.09,0.0,0.0,,,
Vidar 1,bohler-pocket-book,0.38,5.0,0.4,1.3,0.0,0.0,0.0,0.4,1.0,0.0,0.0,0,1.7,13.158,0,8.48,9.29,7.278,0,0.78,3.48,295.85,0.0,0,,,
Vidar 1 ESR,bohler-pocket-book,0.38,5.0,0.4,1.3,0.0,0.0,0.0,0.4,1.0,0.0,0.0,0,1.7,13.158,0,8.48,9.29,7.278,0,0.78,3.48,295.85,0.0,0,,,
Vidar Superior,bohler-pocket-book,0.36,5.0,0.5,1.3,0.0,0.0,0.0,0.3,0.3,0.0,0.0,0,1.8,13.889,0,7.76,9.29,7.203,0,0.975,3.56,307.35,0.0,0,,,
Viking,bohler-pocket-book,0.5,8.0,0.5,1.5,0.0,0.0,0.0,0.5,1.0,0.0,0.0,0,2.0,16.0,0,12.0,12.95,9.705,0,0.975,6.0,204.25,0.0,0,,,
W1,missing-steels,1.0,0.15,0.1,0.0,0.0,0.0,0.0,0.25,0.25,0.0,0.0,0,0.1,0.15,0,1.75,0.15,13.722,0.23,0.195,0,275.79,0.0,0.0,,,
W2,missing-steels,1.0,0.15,0.25,0.0,0.0,0.0,0.0,0.25,0.25,0.0,0.0,0,0.25,0.15,0,1.9,0.15,14.014,0.23,0.487,0,275.79,0.0,0.0,,,
White #1,hitachi-proterial,1.3,0.0,0.0,0.0,0.0,0.0,0.0,0.0,0.15,0.0,0.0,0,0.0,0.0,0,1.45,0.0,17.55,0.53,0.0,0,285.2,0.0,0.0,,,
White #2,hitachi-proterial,1.1,0.0,0.0,0.0,0.0,0.0,0.0,0.0,0.15,0.0,0.0,0,0.0,0.0,0,1.25,0.0,14.85,0.33,0.0,0,285.2,0.0,0.0,,,
Z-Max,reference-specs,2.3,5.0,5.0,11.0,2.0,8.0,0.0,0.3,0.3,0.0,0.0,0,18.0,2.174,0,33.9,44.6,46.02,1.53,9.75,0,133.08,0.0,0.0,909,69.8,
Z-Tuff,reference-specs,0.2,0.0,0.0,2.0,0.0,8.0,0.0,0.3,1.0,0.0,3.0,0,2.0,0.0,0,14.5,6.6,3.42,0,0.0,0,377.18,0.0,0,353,60.9,
ZDP-189,hitachi-proterial,3.0,20.0,0.0,0.0,0.0,0.0,0.0,0.0,0.0,0.0,0.0,1,0.0,6.667,1,23.0,20.0,44.1,2.23,0.0,8.0,43.2,44.1,2.23,718,65.1,
